{
  "plants": [{
      "plantID": "000",
      "name": "000-Empty",
      "latinName": "Vacuum",
      "URL": "",
      "PHMin": "",
      "PHMax": "",
      "water": "0",
      "DtG": "0",
      "DtH": "9999",
      "Notes": ""
    }, {
      "plantID": "001",
      "name": "Tomato Montfavet",
      "latinName": "Lycopersicon Esculentum Mil",
      "URL": "https://pfaf.org/user/plant.aspx?LatinName=Lycopersicon+esculentum",
      "PHMin": "5.8",
      "PHMax": "6.8",
      "water": "0",
      "DtG": "",
      "DtH": "150",
      "Notes": ""
    }, {
      "plantID": "002",
      "name": "Babyleaf Salad",
      "latinName": "Lactuca Sativa Acephala",
      "URL": "https://pfaf.org/user/Plant.aspx?LatinName=Lactuca+sativa+capitata",
      "PHMin": "6.0",
      "PHMax": "6.5",
      "water": "3",
      "DtG": "10",
      "DtH": "40",
      "Notes": ""
    }, {
      "plantID": "003",
      "name": "Basilico Grande Genovese",
      "latinName": "Ocium Basilicum",
      "URL": "https://pfaf.org/user/Plant.aspx?LatinName=Ocimum+basilicum",
      "PHMin": "6.2",
      "PHMax": "6.8",
      "water": "2",
      "DtG": "14",
      "DtH": "50"
    }, {
      "plantID": "004",
      "name": "Broccoletti Marathon",
      "latinName": "Brassica Oleracea Italica",
      "URL": "https://pfaf.org/user/Plant.aspx?LatinName=Brassica+oleracea+italica",
      "PHMin": "6.0",
      "PHMax": "7.0",
      "water": "3",
      "DtG": "10",
      "DtH": "90",
      "Notes": ""
    }, {
      "plantID": "005",
      "name": "Cayenne Pepper",
      "latinName": "Capsicum annuum",
      "URL": "https://pfaf.org/User/Plant.aspx?LatinName=Capsicum+annuum",
      "PHMin": "6.2",
      "PHMax": "7.0",
      "water": "0",
      "DtG": "",
      "DtH": "75",
      "Notes": ""
    }, {
      "plantID": "006",
      "name": "Edible Flowers",
      "latinName": "",
      "URL": "",
      "PHMin": "",
      "PHMax": "",
      "water": "0",
      "DtG": "14",
      "DtH": "0",
      "Notes": ""
    }, {
      "plantID": "007",
      "name": "Fiori Romantic Pink Feeling",
      "latinName": "",
      "URL": "",
      "PHMin": "",
      "PHMax": "",
      "water": "0",
      "DtG": "",
      "DtH": "0",
      "Notes": ""
    }, {
      "plantID": "008",
      "name": "Strawberry Alexandria",
      "latinName": "Fragaria Vesca",
      "URL": "https://pfaf.org/user/plant.aspx?latinname=Fragaria+vesca",
      "PHMin": "5.5",
      "PHMax": "6.8",
      "water": "5",
      "DtG": "30",
      "DtH": "60"
    }, {
      "plantID": "009",
      "name": "Cutting Lettuce",
      "latinName": "Lactuca Sativa Var Crispa",
      "URL": "https://pfaf.org/user/Plant.aspx?LatinName=Lactuca+sativa+crispa",
      "PHMin": "6.0",
      "PHMax": "6.5",
      "water": "3",
      "DtG": "10",
      "DtH": "40",
      "Notes": ""
    }, {
      "plantID": "010",
      "name": "Leaf Lettuce",
      "latinName": "Lactuca Sativa",
      "URL": "https://pfaf.org/user/Plant.aspx?LatinName=Lactuca+sativa",
      "PHMin": "6.0",
      "PHMax": "6.5",
      "water": "3",
      "DtG": "10",
      "DtH": "40",
      "Notes": ""
    }, {
      "plantID": "011",
      "name": "Malvarosa Halo Mix",
      "latinName": "Alcea rosea, Malvacee",
      "URL": "https://pfaf.org/user/Plant.aspx?LatinName=Alcea+rosea",
      "PHMin": "",
      "PHMax": "",
      "water": "0",
      "DtG": "28",
      "DtH": "0",
      "Notes": ""
    }, {
      "plantID": "012",
      "name": "Mint Mentha Piperita",
      "latinName": "",
      "URL": "https://pfaf.org/user/Plant.aspx?LatinName=Mentha+x+piperita+officinalis",
      "PHMin": "6.0",
      "PHMax": "7.5",
      "water": "0",
      "DtG": "20",
      "DtH": "0",
      "Notes": ""
    }, {
      "plantID": "013",
      "name": "Nussalad Vera",
      "latinName": "",
      "URL": "",
      "PHMin": "",
      "PHMax": "",
      "water": "3",
      "DtG": "18",
      "DtH": "40",
      "Notes": ""
    }, {
      "plantID": "015",
      "name": "Oregano",
      "latinName": " Origanum vulgare - L.",
      "URL": "https://pfaf.org/user/plant.aspx?latinname=Origanum+vulgare",
      "PHMin": "6.5",
      "PHMax": "8.0",
      "water": "2",
      "DtG": "10",
      "DtH": "0",
      "Notes": ""
    }, {
      "plantID": "016",
      "name": "Parsley",
      "latinName": "Petroselinum crispum - (Mill.)Nyman. ex A.W.Hill.",
      "URL": "https://pfaf.org/user/plant.aspx?LatinName=Petroselinum+crispum",
      "PHMin": "",
      "PHMax": "",
      "water": "0",
      "DtG": "",
      "DtH": "0",
      "Notes": ""
    }, {
      "plantID": "017",
      "name": "Rosemary",
      "latinName": "Rosmarinus officinalis - L",
      "URL": "https://pfaf.org/user/plant.aspx?latinname=Rosmarinus+officinalis",
      "PHMin": "6.0",
      "PHMax": "7.0",
      "water": "0",
      "DtG": "",
      "DtH": "0",
      "Notes": ""
    }, {
      "plantID": "018",
      "name": "Rucola Perenne",
      "latinName": "Diplotaxis erucoides",
      "URL": "",
      "PHMin": "",
      "PHMax": "",
      "water": "0",
      "DtG": "",
      "DtH": "0",
      "Notes": ""
    }, {
      "plantID": "019",
      "name": "Sage",
      "latinName": "Salvia officinalis - L.",
      "URL": "https://pfaf.org/user/Plant.aspx?LatinName=Salvia+officinalis",
      "PHMin": "6.5",
      "PHMax": "7.0",
      "water": "0",
      "DtG": "",
      "DtH": "0",
      "Notes": ""
    }, {
      "plantID": "020",
      "name": "Smooth-Leaf Spinach",
      "latinName": "Spinacia oleracea - L.",
      "URL": "https://pfaf.org/user/plant.aspx?LatinName=Spinacia+oleracea",
      "PHMin": "6.5",
      "PHMax": "7.0",
      "water": "0",
      "DtG": "",
      "DtH": "0",
      "Notes": ""
    }, {
      "plantID": "022",
      "name": "Tatsoi",
      "latinName": "",
      "URL": "",
      "PHMin": "",
      "PHMax": "",
      "water": "0",
      "DtG": "",
      "DtH": "0",
      "Notes": ""
    }, {
      "plantID": "023",
      "name": "Thyme",
      "latinName": "Thymus vulgaris - L.",
      "URL": "",
      "PHMin": "",
      "PHMax": "",
      "water": "0",
      "DtG": "",
      "DtH": "0"
    }, {
      "plantID": "024",
      "name": "Tomato Cherry Red",
      "latinName": "Lycopersicon Esculentum",
      "URL": "",
      "PHMin": "",
      "PHMax": "",
      "water": "0",
      "DtG": "10",
      "DtH": "90",
      "Notes": ""
    }, {
      "plantID": "026",
      "name": "Tomatoes Red and Yelow Pear",
      "latinName": "Lycopercicon Esculntum",
      "URL": "",
      "PHMin": "",
      "PHMax": "",
      "water": "0",
      "DtG": "13",
      "DtH": "150"
    }

  ]
}
