[{
  "progID": "001",
  "progName": "Default",
  "pumpStartEvery": 1800,
  "pumpRunTime": 20,
  "pumpON": "08:00",
  "pumpOFF": "22:00",
  "lightBrightness": 255,
  "RGB": "255 150 255",
  "lightsON": "06:00",
  "lightsOFF": "21:00",
  "progDescription": "Default program, lights and pump are off during quiet hours. Medium watering"
}, {
  "progID": "002",
  "progName": "Quiet hours, lower watering.",
  "pumpStartEvery": 3600,
  "pumpRunTime": 15,
  "pumpON": "08:00",
  "pumpOFF": "22:00",
  "lightBrightness": 255,
  "RGB": "255 150 255",
  "lightsON": "06:00",
  "lightsOFF": "21:00",
  "progDescription": "Similar to default program, lights and pump are off during quiet hours. Lower watering"
}, {
  "progID": "003",
  "progName": "Growth",
  "pumpStartEvery": 7200,
  "pumpRunTime": 15,
  "pumpON": "08:00",
  "pumpOFF": "21:00",
  "lightBrightness": 255,
  "RGB": "255 150 150",
  "lightsON": "06:00",
  "lightsOFF": "23:00",
  "progDescription": "Program seeds to small plants,  quiet hours, low watering."
}, {
  "progID": "004",
  "progName": "Harvest",
  "pumpStartEvery": 1800,
  "pumpRunTime": 25,
  "pumpON": "08:00",
  "pumpOFF": "23:00",
  "lightBrightness": 255,
  "RGB": "255 150 255",
  "lightsON": "06:00",
  "lightsOFF": "23:00",
  "progDescription": "Program for plant maturity, higher water, quiet hours, more light hours"
}, {
  "progID": "005",
  "progName": "NoPump",
  "pumpStartEvery": 2700,
  "pumpRunTime": 20,
  "pumpON": "08:00",
  "pumpOFF": "08:02",
  "lightBrightness": 200,
  "RGB": "255 150 255",
  "lightsON": "06:00",
  "lightsOFF": "23:00",
  "progDescription": "Program for testing, punp does NOT run."
}, {
  "progID": "006",
  "progName": "Test",
  "pumpStartEvery": 60,
  "pumpRunTime": 15,
  "pumpON": "08:00",
  "pumpOFF": "01:00",
  "lightBrightness": 50,
  "RGB": "255 0 255",
  "lightsON": "06:00",
  "lightsOFF": "05:00",
  "progDescription": "Test program, pump runs every 60 sec and lights are dimmed."
}, {
  "progID": "007",
  "progName": "Test2",
  "pumpStartEvery": 30,
  "pumpRunTime": 10,
  "pumpON": "08:00",
  "pumpOFF": "01:00",
  "lightBrightness": 255,
  "RGB": "255 150 150",
  "lightsON": "06:00",
  "lightsOFF": "23:00",
  "progDescription": "Test program pump runs every 30 sec and lights are 100%."
}, {
  "progID": "008",
  "progName": "Test3",
  "pumpStartEvery": 15,
  "pumpRunTime": 5,
  "pumpON": "08:00",
  "pumpOFF": "01:00",
  "lightBrightness": 255,
  "RGB": "255 150 150",
  "lightsON": "06:00",
  "lightsOFF": "23:00",
  "progDescription": "Test program pump runs every 15 sec and lights are 100%."
}]
