[{
  "progID": "001",
  "progName": "Default - quiet hours",
  "pumpStartEvery": 3600,
  "pumpRunTime": 10,
  "pumpON": "08:00",
  "pumpOFF": "22:00",
  "lightBrightness": 255,
  "RGB": "255 150 255",
  "lightsON": "06:00",
  "lightsOFF": "23:00",
  "progDescription": "Default program, lights and pump are off during quiet hours. Medium watering"
}, {
  "progID": "002",
  "progName": "Quiet hours, medium watering.",
  "pumpStartEvery": 3600,
  "pumpRunTime": 20,
  "pumpON": "08:00",
  "pumpOFF": "22:00",
  "lightBrightness": 255,
  "RGB": "255 150 255",
  "lightsON": "06:00",
  "lightsOFF": "23:00",
  "progDescription": ""
}, {
  "progID": "004",
  "progName": "Growth - quiet hours, low watering, more red light",
  "pumpStartEvery": 7200,
  "pumpRunTime": 15,
  "pumpON": "08:00",
  "pumpOFF": "21:00",
  "lightBrightness": 255,
  "RGB": "255 150 150",
  "lightsON": "06:00",
  "lightsOFF": "23:00",
  "progDescription": "Program seeds to small plants, less water."
}, {
  "progID": "003",
  "progName": "Harvest - quiet hours, high watering",
  "pumpStartEvery": 2700,
  "pumpRunTime": 20,
  "pumpON": "08:00",
  "pumpOFF": "24:00",
  "lightBrightness": 255,
  "RGB": "255 150 255",
  "lightsON": "06:00",
  "lightsOFF": "23:00",
  "progDescription": "Program for plant maturity, higher water and more light hours"
}, {
  "progID": "014",
  "progName": "NoPump - quiet hours, NO watering",
  "pumpStartEvery": 2700,
  "pumpRunTime": 20,
  "pumpON": "08:00",
  "pumpOFF": "08:02",
  "lightBrightness": 200,
  "RGB": "255 150 255",
  "lightsON": "06:00",
  "lightsOFF": "23:00",
  "progDescription": "Program for testing punp does not run."
}, {
  "progID": "005",
  "progName": "Test",
  "pumpStartEvery": 60,
  "pumpRunTime": 15,
  "pumpON": "08:00",
  "pumpOFF": "01:00",
  "lightBrightness": 50,
  "RGB": "255 0 255",
  "lightsON": "06:00",
  "lightsOFF": "05:00",
  "progDescription": "Test program, pump runs every 60 sec and lights are dimmed."
}, {
  "progID": "006",
  "progName": "Test2 - high power consumption",
  "pumpStartEvery": 30,
  "pumpRunTime": 10,
  "pumpON": "08:00",
  "pumpOFF": "01:00",
  "lightBrightness": 200,
  "RGB": "255 150 150",
  "lightsON": "06:00",
  "lightsOFF": "23:00",
  "progDescription": "Test program pump runs every 300 sec and lights are 100%."
}, {
  "progID": "006",
  "progName": "Test3 - test pump",
  "pumpStartEvery": 15,
  "pumpRunTime": 5,
  "pumpON": "08:00",
  "pumpOFF": "01:00",
  "lightBrightness": 200,
  "RGB": "255 150 150",
  "lightsON": "06:00",
  "lightsOFF": "23:00",
  "progDescription": "Test program pump runs every 15 sec and lights are 100%."
}]
