{
    "towers": [
        {
            "name": "tower01",
            "levels": [
                {
                    "level": "0",
                    "pods": [
                        {
                            "podID": "00-00-00",
                            "plantID": "000",
                            "plantName": "000-Empty",
                            "plantedDate": "2021-02-26T18:03:21.200Z",
                            "harvestTime": "-9986"
                        },
                        {
                            "podID": "00-00-01",
                            "plantID": "000",
                            "plantName": "000-Empty",
                            "plantedDate": "2021-02-26T18:03:23.700Z",
                            "harvestTime": "-9986"
                        }
                    ]
                },
                {
                    "level": "1",
                    "pods": [
                        {
                            "podID": "00-01-00",
                            "plantID": "000",
                            "plantName": "000-Empty",
                            "plantedDate": "2021-02-05T22:48:53.300Z",
                            "harvestTime": "-9965"
                        },
                        {
                            "podID": "00-01-01",
                            "plantID": "000",
                            "plantName": "000-Empty",
                            "plantedDate": "2021-02-05T22:48:56.600Z",
                            "harvestTime": "-9965"
                        }
                    ]
                },
                {
                    "level": "2",
                    "pods": [
                        {
                            "podID": "00-02-00",
                            "plantID": "000",
                            "plantName": "000-Empty",
                            "plantedDate": "2021-02-15T22:45:34.900Z",
                            "harvestTime": "-9975"
                        },
                        {
                            "podID": "00-02-01",
                            "plantID": "000",
                            "plantName": "000-Empty",
                            "plantedDate": "2021-02-17T20:47:46.600Z",
                            "harvestTime": "-9977"
                        }
                    ]
                },
                {
                    "level": "3",
                    "pods": [
                        {
                            "podID": "00-03-00",
                            "plantID": "000",
                            "plantName": "000-Empty",
                            "plantedDate": "2021-02-17T20:47:54.100Z",
                            "harvestTime": "-9977"
                        },
                        {
                            "podID": "00-03-01",
                            "plantID": "000",
                            "plantName": "000-Empty",
                            "plantedDate": "2021-02-17T20:47:50.500Z",
                            "harvestTime": "-9977"
                        }
                    ]
                },
                {
                    "level": "4",
                    "pods": [
                        {
                            "podID": "00-04-00",
                            "plantID": "000",
                            "plantName": "000-Empty",
                            "plantedDate": "2021-02-17T20:47:59.700Z",
                            "harvestTime": "-9977"
                        },
                        {
                            "podID": "00-04-01",
                            "plantID": "000",
                            "plantName": "000-Empty",
                            "plantedDate": "2021-02-17T20:47:57.700Z",
                            "harvestTime": "-9977"
                        }
                    ]
                },
                {
                    "level": "5",
                    "pods": [
                        {
                            "podID": "00-05-00",
                            "plantID": "000",
                            "plantName": "000-Empty",
                            "plantedDate": "2021-02-17T20:48:05.200Z",
                            "harvestTime": "-9977"
                        },
                        {
                            "podID": "00-05-01",
                            "plantID": "000",
                            "plantName": "000-Empty",
                            "plantedDate": "2021-02-17T20:48:02.800Z",
                            "harvestTime": "-9977"
                        }
                    ]
                },
                {
                    "level": "6",
                    "pods": [
                        {
                            "podID": "00-06-00",
                            "plantID": "000",
                            "plantName": "000-Empty",
                            "plantedDate": "2021-02-17T20:48:13.000Z",
                            "harvestTime": "-9977"
                        },
                        {
                            "podID": "00-06-01",
                            "plantID": "000",
                            "plantName": "000-Empty",
                            "plantedDate": "2021-02-17T20:48:10.200Z",
                            "harvestTime": "-9977"
                        }
                    ]
                },
                {
                    "level": "7",
                    "pods": [
                        {
                            "podID": "00-07-00",
                            "plantID": "000",
                            "plantName": "000-Empty",
                            "plantedDate": "2021-02-17T20:48:18.900Z",
                            "harvestTime": "-9977"
                        },
                        {
                            "podID": "00-07-01",
                            "plantID": "000",
                            "plantName": "000-Empty",
                            "plantedDate": "2021-02-17T20:48:16.400Z",
                            "harvestTime": "-9977"
                        }
                    ]
                },
                {
                    "level": "8",
                    "pods": [
                        {
                            "podID": "00-08-00",
                            "plantID": "000",
                            "plantName": "000-Empty",
                            "plantedDate": "2021-02-17T20:48:24.600Z",
                            "harvestTime": "-9977"
                        },
                        {
                            "podID": "00-08-01",
                            "plantID": "000",
                            "plantName": "000-Empty",
                            "plantedDate": "2021-02-17T20:48:21.500Z",
                            "harvestTime": "-9977"
                        }
                    ]
                }
            ]
        },
        {
            "name": "tower02",
            "levels": [
                {
                    "level": "0",
                    "pods": [
                        {
                            "podID": "01-00-00",
                            "plantID": "002",
                            "plantName": "Babyleaf Salad",
                            "plantedDate": "2021-02-26T18:03:27.800Z",
                            "harvestTime": "-27"
                        },
                        {
                            "podID": "01-00-01",
                            "plantID": "002",
                            "plantName": "Babyleaf Salad",
                            "plantedDate": "2021-02-26T18:03:30.800Z",
                            "harvestTime": "-27"
                        }
                    ]
                },
                {
                    "level": "1",
                    "pods": [
                        {
                            "podID": "01-01-00",
                            "plantID": "002",
                            "plantName": "Babyleaf Salad",
                            "plantedDate": "2021-02-26T18:03:35.600Z",
                            "harvestTime": "-27"
                        },
                        {
                            "podID": "01-01-01",
                            "plantID": "013",
                            "plantName": "Nussalad Vera",
                            "plantedDate": "2021-02-26T18:03:50.100Z",
                            "harvestTime": "-27"
                        }
                    ]
                },
                {
                    "level": "2",
                    "pods": [
                        {
                            "podID": "01-02-00",
                            "plantID": "002",
                            "plantName": "Babyleaf Salad",
                            "plantedDate": "2021-02-26T18:07:33.900Z",
                            "harvestTime": "-27"
                        },
                        {
                            "podID": "01-02-01",
                            "plantID": "013",
                            "plantName": "Nussalad Vera",
                            "plantedDate": "2021-02-26T18:03:59.600Z",
                            "harvestTime": "-27"
                        }
                    ]
                },
                {
                    "level": "3",
                    "pods": [
                        {
                            "podID": "01-03-00",
                            "plantID": "002",
                            "plantName": "Babyleaf Salad",
                            "plantedDate": "2021-03-11T13:50:54.500Z",
                            "harvestTime": "-40"
                        },
                        {
                            "podID": "01-03-01",
                            "plantID": "002",
                            "plantName": "Babyleaf Salad",
                            "plantedDate": "2021-03-11T13:51:00.900Z",
                            "harvestTime": "-40"
                        }
                    ]
                },
                {
                    "level": "4",
                    "pods": [
                        {
                            "podID": "01-04-00",
                            "plantID": "002",
                            "plantName": "Babyleaf Salad",
                            "plantedDate": "2021-03-02T10:38:23.224Z",
                            "harvestTime": "-31"
                        },
                        {
                            "podID": "01-04-01",
                            "plantID": "000",
                            "plantName": "000-Empty",
                            "plantedDate": "2021-02-15T22:57:53.200Z",
                            "harvestTime": "-9975"
                        }
                    ]
                },
                {
                    "level": "5",
                    "pods": [
                        {
                            "podID": "01-05-00",
                            "plantID": "000",
                            "plantName": "000-Empty",
                            "plantedDate": "2021-02-15T22:57:58.700Z",
                            "harvestTime": "-9975"
                        },
                        {
                            "podID": "01-05-01",
                            "plantID": "000",
                            "plantName": "000-Empty",
                            "plantedDate": "2021-02-15T22:57:56.100Z",
                            "harvestTime": "-9975"
                        }
                    ]
                },
                {
                    "level": "6",
                    "pods": [
                        {
                            "podID": "01-06-00",
                            "plantID": "000",
                            "plantName": "000-Empty",
                            "plantedDate": "2021-02-15T22:58:00.900Z",
                            "harvestTime": "-9975"
                        },
                        {
                            "podID": "01-06-01",
                            "plantID": "000",
                            "plantName": "000-Empty",
                            "plantedDate": "2021-02-15T22:58:03.500Z",
                            "harvestTime": "-9975"
                        }
                    ]
                },
                {
                    "level": "7",
                    "pods": [
                        {
                            "podID": "01-07-00",
                            "plantID": "000",
                            "plantName": "000-Empty",
                            "plantedDate": "2021-03-02T10:15:36.400Z",
                            "harvestTime": "-9990"
                        },
                        {
                            "podID": "01-07-01",
                            "plantID": "000",
                            "plantName": "000-Empty",
                            "plantedDate": "2021-02-15T22:58:52.800Z",
                            "harvestTime": "-9975"
                        }
                    ]
                },
                {
                    "level": "8",
                    "pods": [
                        {
                            "podID": "01-08-00",
                            "plantID": "007",
                            "plantName": "Fiori Romantic Pink Feeling",
                            "plantedDate": "2021-02-26T18:04:47.300Z",
                            "harvestTime": "13"
                        },
                        {
                            "podID": "01-08-01",
                            "plantID": "007",
                            "plantName": "Fiori Romantic Pink Feeling",
                            "plantedDate": "2021-02-26T18:05:25.600Z",
                            "harvestTime": "13"
                        }
                    ]
                }
            ]
        },
        {
            "name": "tower03",
            "levels": [
                {
                    "level": "0",
                    "pods": [
                        {
                            "podID": "02-00-00",
                            "plantID": "000",
                            "plantName": "000-Empty",
                            "plantedDate": "2021-02-05T22:49:41.000Z",
                            "harvestTime": "-9965"
                        },
                        {
                            "podID": "02-00-01",
                            "plantID": "000",
                            "plantName": "000-Empty",
                            "plantedDate": "2021-02-15T22:45:46.600Z",
                            "harvestTime": "-9975"
                        }
                    ]
                },
                {
                    "level": "1",
                    "pods": [
                        {
                            "podID": "02-01-00",
                            "plantID": "000",
                            "plantName": "000-Empty",
                            "plantedDate": "2021-02-15T22:50:33.900Z",
                            "harvestTime": "-9975"
                        },
                        {
                            "podID": "02-01-01",
                            "plantID": "000",
                            "plantName": "000-Empty",
                            "plantedDate": "2021-02-15T22:50:37.400Z",
                            "harvestTime": "-9975"
                        }
                    ]
                },
                {
                    "level": "2",
                    "pods": [
                        {
                            "podID": "02-02-00",
                            "plantID": "000",
                            "plantName": "000-Empty",
                            "plantedDate": "2021-02-15T22:50:25.500Z",
                            "harvestTime": "-9975"
                        },
                        {
                            "podID": "02-02-01",
                            "plantID": "000",
                            "plantName": "000-Empty",
                            "plantedDate": "2021-02-15T22:50:28.300Z",
                            "harvestTime": "-9975"
                        }
                    ]
                },
                {
                    "level": "3",
                    "pods": [
                        {
                            "podID": "02-03-00",
                            "plantID": "000",
                            "plantName": "000-Empty",
                            "plantedDate": "2021-02-15T22:50:17.600Z",
                            "harvestTime": "-9975"
                        },
                        {
                            "podID": "02-03-01",
                            "plantID": "000",
                            "plantName": "000-Empty",
                            "plantedDate": "2021-02-15T22:50:21.200Z",
                            "harvestTime": "-9975"
                        }
                    ]
                },
                {
                    "level": "4",
                    "pods": [
                        {
                            "podID": "02-04-00",
                            "plantID": "000",
                            "plantName": "000-Empty",
                            "plantedDate": "2021-02-15T22:49:40.200Z",
                            "harvestTime": "-9975"
                        },
                        {
                            "podID": "02-04-01",
                            "plantID": "000",
                            "plantName": "000-Empty",
                            "plantedDate": "2021-02-15T22:49:42.900Z",
                            "harvestTime": "-9975"
                        }
                    ]
                },
                {
                    "level": "5",
                    "pods": [
                        {
                            "podID": "02-05-00",
                            "plantID": "000",
                            "plantName": "000-Empty",
                            "plantedDate": "2021-02-15T22:49:50.000Z",
                            "harvestTime": "-9975"
                        },
                        {
                            "podID": "02-05-01",
                            "plantID": "000",
                            "plantName": "000-Empty",
                            "plantedDate": "2021-02-15T22:49:51.400Z",
                            "harvestTime": "-9975"
                        }
                    ]
                },
                {
                    "level": "6",
                    "pods": [
                        {
                            "podID": "02-06-00",
                            "plantID": "000",
                            "plantName": "000-Empty",
                            "plantedDate": "2021-02-15T22:49:54.100Z",
                            "harvestTime": "-9975"
                        },
                        {
                            "podID": "02-06-01",
                            "plantID": "000",
                            "plantName": "000-Empty",
                            "plantedDate": "2021-02-15T22:50:00.500Z",
                            "harvestTime": "-9975"
                        }
                    ]
                },
                {
                    "level": "7",
                    "pods": [
                        {
                            "podID": "02-07-00",
                            "plantID": "000",
                            "plantName": "000-Empty",
                            "plantedDate": "2021-02-21T21:39:33.600Z",
                            "harvestTime": "-9981"
                        },
                        {
                            "podID": "02-07-01",
                            "plantID": "000",
                            "plantName": "000-Empty",
                            "plantedDate": "2021-02-21T21:39:37.500Z",
                            "harvestTime": "-9981"
                        }
                    ]
                },
                {
                    "level": "8",
                    "pods": [
                        {
                            "podID": "02-08-00",
                            "plantID": "000",
                            "plantName": "000-Empty",
                            "plantedDate": "2021-02-15T22:50:51.800Z",
                            "harvestTime": "-9975"
                        },
                        {
                            "podID": "02-08-01",
                            "plantID": "000",
                            "plantName": "000-Empty",
                            "plantedDate": "2021-02-15T22:51:03.900Z",
                            "harvestTime": "-9975"
                        }
                    ]
                }
            ]
        }
    ],
    "maintenance": [
        {
            "changeWater": "2021-03-18T16:37:20.601Z",
            "addH2O2": "2021-03-18T16:37:18.249Z",
            "addNutrients": "2021-03-18T16:37:18.895Z",
            "towerMaintenance": "2021-03-18T16:37:19.480Z",
            "tankMaintenance": "2021-03-18T16:37:19.999Z",
            "topWater": "2021-03-18T16:37:17.620Z"
        }
    ]
}